tok,tok_str,A_pow,B_pow,A_pow_std,B_pow_std
4,',3.383178472518921,2.177992343902588,0.32156431674957275,0.2863495647907257
5,#,4.706169605255127,5.692469120025635,0.5505704879760742,0.4763931930065155
6,$,5.237292289733887,6.07009220123291,0.3983913064002991,0.4868209660053253
7,%,4.590085983276367,3.3453688621520996,0.5177821516990662,0.41962409019470215
8,&,5.527451515197754,3.451803684234619,0.4678047001361847,0.29570910334587097
9,',3.341207981109619,2.2081475257873535,0.41202858090400696,0.28461572527885437
10,(,4.43685245513916,3.3442111015319824,0.3429914712905884,0.3165486454963684
11,),3.2900073528289795,1.8269935846328735,0.4142005145549774,0.2415224015712738
12,*,4.020246505737305,4.255453586578369,0.40044835209846497,0.32145312428474426
13,+,2.5041003227233887,3.2158031463623047,0.3968373239040375,0.3641897737979889
14,[COMMA],2.732851028442383,1.200023889541626,0.3381541967391968,0.19684329628944397
15,-,1.915269374847412,2.8518576622009277,0.4007361829280853,0.24838460981845856
16,.,2.636533260345459,1.400355339050293,0.32573315501213074,0.21115009486675262
17,/,2.282010555267334,3.521900177001953,0.32886582612991333,0.3172832131385803
18,0,3.2756075859069824,5.302892208099365,0.435067355632782,0.39760640263557434
19,1,2.3947534561157227,4.013574123382568,0.3840095102787018,0.45376428961753845
20,2,3.1092426776885986,4.401311874389648,0.4192229211330414,0.3805149793624878
21,3,3.228573799133301,4.954724311828613,0.49119943380355835,0.4111196994781494
22,4,2.6424460411071777,5.239336967468262,0.43638476729393005,0.38216322660446167
23,5,2.6173415184020996,5.031611919403076,0.45406314730644226,0.45951226353645325
24,6,2.4694619178771973,5.089838027954102,0.43084490299224854,0.44863027334213257
25,7,3.030719757080078,5.230039596557617,0.33640316128730774,0.45993998646736145
26,8,2.7538671493530273,4.579935073852539,0.3794286549091339,0.44713881611824036
27,9,3.282691478729248,5.31674337387085,0.426453560590744,0.4444471001625061
28,:,3.8177788257598877,2.512723445892334,0.3878094255924225,0.3381287157535553
29,[SEMICOLON],3.6590240001678467,2.2790369987487793,0.36675432324409485,0.27213379740715027
30,<,6.910585403442383,4.5233073234558105,0.4962027072906494,0.3825412690639496
31,=,3.2198238372802734,2.8024353981018066,0.3264199197292328,0.2921264171600342
32,>,2.9823904037475586,4.234588623046875,0.2704585790634155,0.44153282046318054
33,?,4.679938316345215,1.709517002105713,0.4322933554649353,0.3185388147830963
34,@,5.711926460266113,3.078456163406372,0.4839901030063629,0.41364094614982605
35,A,4.231154441833496,6.5748467445373535,0.4398861825466156,0.41482797265052795
36,B,5.1705098152160645,5.423847198486328,0.502445638179779,0.4047096371650696
37,C,3.7256712913513184,5.187774658203125,0.45435473322868347,0.4517676830291748
38,D,3.71185302734375,5.807038307189941,0.4493985176086426,0.4685910940170288
39,E,5.148474216461182,5.999991416931152,0.3822297751903534,0.5162162780761719
40,F,5.192859649658203,5.136866092681885,0.4101487994194031,0.42153751850128174
41,G,4.4823126792907715,6.279160022735596,0.4128669798374176,0.4466896653175354
42,H,5.515036106109619,5.980454444885254,0.4266386926174164,0.4660634994506836
43,I,4.8954620361328125,5.829741477966309,0.4526134729385376,0.4191237688064575
44,J,5.099857330322266,6.157602787017822,0.4328007996082306,0.47554758191108704
45,K,4.39509391784668,5.516498565673828,0.4260515570640564,0.508607029914856
46,L,3.9738383293151855,6.925722122192383,0.4669487178325653,0.454473078250885
47,M,4.32735538482666,5.16366720199585,0.4933323562145233,0.42690497636795044
48,N,3.6893374919891357,6.10356330871582,0.47718414664268494,0.4285297989845276
49,O,4.71157169342041,6.119065284729004,0.4026128053665161,0.5085657835006714
50,P,4.993818283081055,5.892237663269043,0.41711947321891785,0.4415176510810852
51,Q,3.735624313354492,6.449906349182129,0.4072111248970032,0.5950456857681274
52,R,5.292682647705078,6.268027305603027,0.48404183983802795,0.4050576388835907
53,S,4.109363555908203,4.818240642547607,0.4295080602169037,0.36267897486686707
54,T,5.425954818725586,5.04807710647583,0.47197970747947693,0.45911097526550293
55,U,3.7901508808135986,6.4495038986206055,0.48028966784477234,0.40205416083335876
56,V,4.6561737060546875,6.018157958984375,0.42885085940361023,0.40327075123786926
57,W,4.816036224365234,6.909677505493164,0.44464269280433655,0.4418722689151764
58,X,4.099347114562988,6.328171730041504,0.35066843032836914,0.41559338569641113
59,Y,3.9542551040649414,6.493330955505371,0.4498443603515625,0.47729605436325073
60,Z,5.212373733520508,7.062380790710449,0.47716230154037476,0.4787096381187439
61,[,6.491269111633301,4.378810405731201,0.45849764347076416,0.3069402277469635
62,[BACKSLASH],4.356039047241211,3.3324623107910156,0.484590083360672,0.30568933486938477
63,],4.054076194763184,1.4185662269592285,0.38058388233184814,0.33304065465927124
64,^,2.7056212425231934,5.546381950378418,0.3534177541732788,0.4508056938648224
65,_,1.755478858947754,2.9778003692626953,0.34078240394592285,0.34623876214027405
66,`,3.326225519180298,5.769937515258789,0.3724077045917511,0.47169703245162964
67,a,2.8773183822631836,5.406390190124512,0.29286646842956543,0.3910042941570282
68,b,4.605088233947754,5.694093704223633,0.4489710330963135,0.4020633101463318
69,c,3.420517683029175,4.2448272705078125,0.36085402965545654,0.4659423530101776
70,d,3.2755274772644043,5.064217567443848,0.4229283630847931,0.37288233637809753
71,e,2.633004903793335,4.619154930114746,0.37115564942359924,0.38373857736587524
72,f,4.057845115661621,4.542050361633301,0.39943575859069824,0.4294877052307129
73,g,4.046295166015625,5.55539608001709,0.39622262120246887,0.44495493173599243
74,h,3.932716131210327,6.40165376663208,0.3631160855293274,0.4190182089805603
75,i,3.8148744106292725,4.597229957580566,0.4283106029033661,0.5402141213417053
76,j,4.36393928527832,5.495699882507324,0.4507402181625366,0.4948519766330719
77,k,3.633572578430176,6.518654823303223,0.4401802718639374,0.4127485454082489
78,l,2.9566242694854736,5.149224281311035,0.40182045102119446,0.4583874046802521
79,m,3.555098533630371,5.154060363769531,0.3839857578277588,0.3912210166454315
80,n,3.541844129562378,5.674426555633545,0.36165595054626465,0.3781377077102661
81,o,3.8868720531463623,6.395742416381836,0.3711063861846924,0.44742006063461304
82,p,4.857569217681885,4.953625202178955,0.3947151303291321,0.33489808440208435
83,q,3.9161572456359863,6.705203056335449,0.415322482585907,0.4395125210285187
84,r,2.8603925704956055,5.422030448913574,0.4225213825702667,0.502189040184021
85,s,1.488364815711975,2.932711362838745,0.3450465500354767,0.3274398446083069
86,t,2.220599412918091,4.567160129547119,0.3613818287849426,0.3880712687969208
87,u,3.405346155166626,5.3365020751953125,0.44207942485809326,0.45654600858688354
88,v,3.9298481941223145,5.358263969421387,0.3615923225879669,0.4459506869316101
89,w,3.7860536575317383,6.197257995605469,0.39030182361602783,0.43180379271507263
90,x,3.1111929416656494,6.246266841888428,0.38627803325653076,0.32854515314102173
91,y,2.70759654045105,4.851134777069092,0.3750043511390686,0.47104737162590027
92,z,3.8763675689697266,7.063694477081299,0.4139153063297272,0.4173732101917267
93,{,7.20216178894043,4.767584323883057,0.5538111925125122,0.4941391050815582
94,|,4.006914138793945,3.2766923904418945,0.3390897214412689,0.46698662638664246
95,},3.2570979595184326,1.995375394821167,0.49819761514663696,0.3397940397262573
96,~,5.253973007202148,5.166534423828125,0.4020543694496155,0.40248000621795654
97,ï¿½,1.4441242218017578,5.6197943687438965,0.24584372341632843,0.6327745318412781
98,ï¿½,1.8372917175292969,6.5059123039245605,0.34700700640678406,0.5809341073036194
99,ï¿½,1.7897131443023682,7.102797985076904,0.27521708607673645,0.5984011292457581
100,ï¿½,1.976599931716919,6.616269111633301,0.342314213514328,0.5047803521156311
101,ï¿½,2.5123305320739746,7.584965229034424,0.3264649212360382,0.5532688498497009
102,ï¿½,2.230640172958374,7.839789867401123,0.36048924922943115,0.6001018285751343
103,ï¿½,2.0154078006744385,7.67396354675293,0.33628416061401367,0.5227222442626953
104,ï¿½,1.5913097858428955,6.112882137298584,0.3144999146461487,0.6047302484512329
105,ï¿½,2.362205743789673,6.6059064865112305,0.32305195927619934,0.57032710313797
106,ï¿½,1.94956636428833,5.688174724578857,0.30408263206481934,0.5326038002967834
107,ï¿½,1.8280240297317505,7.02055025100708,0.3134750425815582,0.5930190682411194
108,ï¿½,2.079562187194824,6.881511688232422,0.3539174497127533,0.5135518908500671
109,ï¿½,2.226276159286499,5.975574016571045,0.38902074098587036,0.574530303478241
110,ï¿½,1.5349559783935547,7.229804039001465,0.2894829213619232,0.4564831554889679
111,ï¿½,1.423911452293396,5.179457664489746,0.33066096901893616,0.4665464758872986
112,ï¿½,2.563002109527588,6.372856140136719,0.4128027558326721,0.5956627130508423
113,ï¿½,2.214789628982544,6.538880348205566,0.27625009417533875,0.5869574546813965
114,ï¿½,2.0342330932617188,6.661463737487793,0.3439909517765045,0.5438001155853271
115,ï¿½,0.8079465627670288,6.308073997497559,0.31952551007270813,0.5409218668937683
116,ï¿½,1.5460540056228638,5.881706237792969,0.3495585322380066,0.5014066100120544
117,ï¿½,1.7371108531951904,4.474658012390137,0.30331650376319885,0.4254787862300873
118,ï¿½,2.0238893032073975,5.450875282287598,0.3548194169998169,0.5691288709640503
119,ï¿½,2.211948871612549,6.860096454620361,0.3168467879295349,0.5354171991348267
120,ï¿½,3.174546957015991,6.383232116699219,0.39707544445991516,0.5579538345336914
121,ï¿½,0.9798957705497742,5.017343044281006,0.2969120740890503,0.4738021790981293
122,ï¿½,1.4044487476348877,5.608134746551514,0.2947683334350586,0.5656910538673401
123,ï¿½,1.6893391609191895,7.321924209594727,0.28382065892219543,0.4846767485141754
124,ï¿½,2.102926015853882,6.55916166305542,0.3118509352207184,0.5665266513824463
125,ï¿½,1.6809183359146118,7.098333835601807,0.3219083547592163,0.4715026021003723
126,ï¿½,2.0099027156829834,6.975849151611328,0.32556334137916565,0.557096540927887
127,ï¿½,-0.006862998008728027,-0.5048441886901855,0.19250214099884033,0.12993235886096954
128,ï¿½,2.6143605709075928,7.2911882400512695,0.37739068269729614,0.5108998417854309
129,ï¿½,3.011259078979492,8.105323791503906,0.4790878891944885,0.5096406936645508
130,ï¿½,3.889005661010742,8.526172637939453,0.5476205945014954,0.4454941153526306
131,ï¿½,2.7313365936279297,8.21010971069336,0.4735874533653259,0.5322615504264832
132,ï¿½,4.1679840087890625,7.422048568725586,0.5028174519538879,0.4847717583179474
133,ï¿½,4.976675987243652,9.0135498046875,0.43141740560531616,0.4668225347995758
134,ï¿½,2.4972593784332275,5.607717514038086,0.46185076236724854,0.45034152269363403
135,ï¿½,4.511260032653809,6.426284313201904,0.6749248504638672,0.4266103208065033
136,ï¿½,3.9708173274993896,6.6957550048828125,0.5471506118774414,0.503691554069519
137,ï¿½,3.6270508766174316,7.286543846130371,0.474668025970459,0.5182848572731018
138,ï¿½,3.9794962406158447,7.2061944007873535,0.57026207447052,0.5456389784812927
139,ï¿½,2.3028125762939453,5.649770736694336,0.4510330259799957,0.460310161113739
140,ï¿½,4.936892986297607,8.976875305175781,0.6509017944335938,0.5331817865371704
141,ï¿½,2.432695150375366,6.694221496582031,0.5028104782104492,0.4815807342529297
142,ï¿½,2.5626139640808105,4.275969505310059,0.4392217993736267,0.41331687569618225
143,ï¿½,2.2592544555664062,6.870931148529053,0.3134922981262207,0.581684947013855
144,ï¿½,3.611328601837158,7.3457746505737305,0.40822166204452515,0.5108879804611206
145,ï¿½,2.539358139038086,6.101729393005371,0.3527831733226776,0.39214974641799927
146,ï¿½,1.5706286430358887,7.681199550628662,0.395540714263916,0.49300417304039
147,ï¿½,0.5597435832023621,4.640466690063477,0.33993202447891235,0.3823375999927521
148,ï¿½,1.334805965423584,6.63258171081543,0.40109339356422424,0.493754506111145
149,ï¿½,2.6224365234375,7.008775234222412,0.43483737111091614,0.48301562666893005
150,ï¿½,1.7071316242218018,7.744907379150391,0.4388616979122162,0.5191113352775574
151,ï¿½,2.2366771697998047,7.869326591491699,0.5311775207519531,0.5884396433830261
152,ï¿½,1.993006706237793,7.587683200836182,0.4609377980232239,0.47909781336784363
153,ï¿½,1.6911811828613281,2.552433490753174,0.387229323387146,0.4139178991317749
154,ï¿½,2.791675567626953,5.970711708068848,0.4752958118915558,0.48608654737472534
155,ï¿½,1.2779879570007324,4.251790523529053,0.5558203458786011,0.3905465006828308
156,ï¿½,6.1265716552734375,4.401098728179932,0.46424275636672974,0.3246418833732605
157,ï¿½,1.5008461475372314,4.140124320983887,0.39974838495254517,0.39143845438957214
158,ï¿½,2.605109214782715,5.102577209472656,0.4377741515636444,0.44417980313301086
159,ï¿½,7.487642288208008,8.645662307739258,0.7288907766342163,0.455410361289978
160,ï¿½,9.205060005187988,6.621964454650879,0.7340317964553833,0.46314918994903564
161,ï¿½,2.1548500061035156,7.514613151550293,0.40790727734565735,0.5851438641548157
162,ï¿½,3.7842729091644287,6.131518363952637,0.5774897336959839,0.4240402281284332
163,ï¿½,3.8203980922698975,6.454450607299805,0.5127484202384949,0.5366039872169495
164,ï¿½,1.839942216873169,6.610184192657471,0.6093839406967163,0.4680073857307434
165,ï¿½,4.3079962730407715,6.643876075744629,0.5901262760162354,0.41665661334991455
166,ï¿½,2.6727001667022705,6.850909233093262,0.45188021659851074,0.5120238661766052
167,ï¿½,2.3737263679504395,6.843278884887695,0.4546976089477539,0.49850064516067505
168,ï¿½,1.2006938457489014,5.120692253112793,0.6298980712890625,0.40059858560562134
169,ï¿½,1.3029167652130127,5.78065299987793,0.6801716685295105,0.41461336612701416
170,ï¿½,2.1158061027526855,6.113687515258789,0.5416749715805054,0.4969586133956909
171,ï¿½,4.333727836608887,8.138433456420898,0.6685909032821655,0.5153371691703796
172,ï¿½,9.413698196411133,8.285685539245605,0.7888946533203125,0.4093095362186432
173,ï¿½,4.882880210876465,7.258978843688965,0.8512448072433472,0.4873970150947571
174,ï¿½,0.351313054561615,-0.4356488287448883,0.27169227600097656,0.14362728595733643
175,ï¿½,0.8902192115783691,-0.4457874000072479,0.18168243765830994,0.12207285314798355
176,ï¿½,3.7199745178222656,3.801851511001587,0.6456544995307922,0.4504977762699127
177,ï¿½,3.7057480812072754,6.892183303833008,0.6669644713401794,0.5855173468589783
178, ,3.8875927925109863,9.043128967285156,0.4435568153858185,0.5451759696006775
179,,5.629144191741943,7.935914039611816,0.33709773421287537,0.4582138657569885
180,,4.9699177742004395,9.770383834838867,0.4048135280609131,0.5155498385429382
181,,3.325806140899658,8.192262649536133,0.31696680188179016,0.5183046460151672
182,,2.1403307914733887,10.105173110961914,0.2903488874435425,0.512578010559082
183,,3.3034677505493164,8.571752548217773,0.3707209825515747,0.6124966144561768
184,,3.9557766914367676,8.01521110534668,0.37045085430145264,0.5276116132736206
185,,3.479628086090088,8.240816116333008,0.39999037981033325,0.565501868724823
186,,3.9915857315063477,7.677643775939941,0.3968086838722229,0.4913061261177063
187,[TAB],3.484286069869995,5.385278701782227,0.302045613527298,0.40913307666778564
188,[NEWLINE],4.242377281188965,3.224045753479004,0.40938645601272583,0.3380303680896759
189,,0.6874161958694458,0.4189609885215759,0.22587500512599945,0.2537766695022583
190,,4.014941215515137,8.273151397705078,0.34822773933410645,0.4848357141017914
191,"",2.871323585510254,2.6062636375427246,0.34288516640663147,0.38824233412742615
192,,3.5858209133148193,9.231040954589844,0.38879409432411194,0.6685752868652344
193,,4.602080345153809,6.308868408203125,0.4358716607093811,0.49830183386802673
194,,3.7597618103027344,5.848408222198486,0.3695391118526459,0.41522377729415894
195,,2.1265339851379395,5.809108734130859,0.32581576704978943,0.5606281757354736
196,,5.826833724975586,7.9795451164245605,0.4949999451637268,0.7037870287895203
197,,3.945181369781494,9.806119918823242,0.35613369941711426,0.6561787128448486
198,,4.3456525802612305,8.998531341552734,0.3871552348136902,0.5943976640701294
199,,4.832956314086914,9.449520111083984,0.4753428101539612,0.6489741206169128
200,,5.146330833435059,7.6724066734313965,0.45721861720085144,0.5303987860679626
201,,3.2671265602111816,8.259627342224121,0.34700512886047363,0.505209743976593
202,,2.4848132133483887,8.370965957641602,0.2927182912826538,0.5290431380271912
203,,4.348978519439697,6.943530082702637,0.4512443542480469,0.4847660958766937
204,,3.702444314956665,8.293169021606445,0.3450313210487366,0.49472540616989136
205,,3.621379852294922,8.252202987670898,0.3606809079647064,0.5035722851753235
206,,1.051053762435913,1.4113097190856934,0.28083404898643494,0.3005285859107971
207,,0.12278372049331665,-0.11625170707702637,0.17959178984165192,0.21710190176963806
208,,0.3550686240196228,-0.5016541481018066,0.16436317563056946,0.17945866286754608
209,,1.8835972547531128,8.194991111755371,0.2061767727136612,0.47485440969467163
210, ,4.7527384757995605,2.4393906593322754,0.4390777051448822,0.31069546937942505
211,,3.1088171005249023,7.60978889465332,0.27048060297966003,0.47562283277511597
212,ï¿½,1.5658304691314697,7.104251861572266,0.2658011019229889,0.5791391134262085
213,ï¿½,1.7328002452850342,6.852154731750488,0.31265249848365784,0.4346892237663269
214,ï¿½,1.5546095371246338,6.190158367156982,0.2974156141281128,0.5250640511512756
215,ï¿½,1.7319669723510742,7.773980140686035,0.3225160241127014,0.5693764686584473
216,ï¿½,1.4660362005233765,7.68537712097168,0.2380862683057785,0.5047541856765747
217,ï¿½,2.2288618087768555,6.632153034210205,0.32146304845809937,0.5121747851371765
218,ï¿½,1.467942714691162,6.564083576202393,0.3084110617637634,0.5548447966575623
219,ï¿½,1.7920763492584229,6.191946029663086,0.32383352518081665,0.6095670461654663
220,ï¿½,2.584136486053467,6.605474948883057,0.27187779545783997,0.4300622344017029
221,ï¿½,1.9876216650009155,5.805024147033691,0.3616226315498352,0.5231838226318359
222,ï¿½,1.954451560974121,5.616850852966309,0.3724548816680908,0.5110782980918884
223,ï¿½,1.9466160535812378,6.47567081451416,0.3292723298072815,0.5865341424942017
224,ï¿½,2.1841635704040527,6.750596523284912,0.34109973907470703,0.4861726462841034
225,ï¿½,2.4381442070007324,7.91017484664917,0.3415363132953644,0.5750784873962402
226,ï¿½,1.2575345039367676,7.138204574584961,0.2381983995437622,0.6084259152412415
227,ï¿½,1.707869529724121,7.309216022491455,0.3544091582298279,0.5450108051300049
228,ï¿½,1.4451743364334106,6.786210060119629,0.31263935565948486,0.5615077018737793
229,ï¿½,1.876784324645996,6.689502716064453,0.31076160073280334,0.5867340564727783
230,ï¿½,2.0775070190429688,5.433144569396973,0.3164164423942566,0.5782004594802856
231,ï¿½,1.9806830883026123,6.837516784667969,0.3473474085330963,0.5484743118286133
232,ï¿½,2.33894681930542,6.718949317932129,0.3193765878677368,0.512687623500824
233,ï¿½,1.1174360513687134,5.263862133026123,0.3081686794757843,0.5066089034080505
234,ï¿½,2.595689296722412,7.639059066772461,0.3676348328590393,0.5964546203613281
235,ï¿½,3.0784573554992676,5.270176410675049,0.2994456887245178,0.4985758662223816
236,ï¿½,1.9517247676849365,6.4745774269104,0.33817440271377563,0.49855729937553406
237,ï¿½,1.787750005722046,6.658757209777832,0.2880808115005493,0.5921978950500488
238,ï¿½,1.3844897747039795,5.879906177520752,0.3554721176624298,0.5535515546798706
239,ï¿½,2.705327272415161,7.716906547546387,0.3510245978832245,0.5622316598892212
240,ï¿½,1.7867190837860107,6.026782989501953,0.4594089090824127,0.5630840063095093
241,ï¿½,1.9888386726379395,6.40091609954834,0.2946712076663971,0.43922340869903564
242,ï¿½,2.170562982559204,6.576322078704834,0.33345258235931396,0.5364115238189697
243,ï¿½,1.2726011276245117,6.2415852546691895,0.3356036841869354,0.560390830039978
244,ï¿½,1.3685901165008545,6.600586891174316,0.273905873298645,0.525693953037262
245,ï¿½,1.8047471046447754,7.488794326782227,0.2961772680282593,0.4995754361152649
246,  ,5.202380657196045,2.9241275787353516,0.5203680396080017,0.33277416229248047
247, t,7.101431846618652,3.3939690589904785,0.46184590458869934,0.316781610250473
248, a,3.122445583343506,2.010669708251953,0.4253450632095337,0.26750990748405457
249,he,3.4827919006347656,8.138050079345703,0.4707694351673126,0.4259824752807617
250,in,2.760509967803955,7.20491886138916,0.30684274435043335,0.37619999051094055
251,re,2.932002067565918,5.600301742553711,0.3584817945957184,0.47630950808525085
252,on,3.4648988246917725,5.619263648986816,0.42419058084487915,0.48766568303108215
253,    ,6.254513740539551,4.134133338928223,0.4947701394557953,0.3833180069923401
254, the,3.219210624694824,2.370969295501709,0.35966575145721436,0.2556096315383911
255,er,1.8876807689666748,5.099491119384766,0.34404411911964417,0.42281675338745117
256,at,3.517523765563965,7.295744895935059,0.4367462396621704,0.42755424976348877
257, s,6.929318428039551,2.9224061965942383,0.5609408617019653,0.30227887630462646
258,en,3.032477378845215,5.744281768798828,0.38035911321640015,0.45527225732803345
259, o,7.19064998626709,3.3592960834503174,0.45259949564933777,0.2631574273109436
260, w,6.951266288757324,3.4081978797912598,0.4654535949230194,0.2979254126548767
261, c,7.549753189086914,3.8966622352600098,0.47286754846572876,0.37429001927375793
262,is,4.054257392883301,5.334713935852051,0.45220813155174255,0.4511236548423767
263,it,3.9583210945129395,5.845414161682129,0.449951708316803,0.5059071183204651
264,or,1.8674860000610352,6.322083473205566,0.4089994728565216,0.436184287071228
265,ed,2.981410264968872,4.734105110168457,0.3866296410560608,0.5047646760940552
266,es,2.051931142807007,5.074038982391357,0.34094518423080444,0.38746729493141174
267,an,3.7975142002105713,6.260789394378662,0.37566155195236206,0.4634697437286377
268,al,3.051248550415039,6.067418098449707,0.3462505638599396,0.45121413469314575
269, p,6.77177095413208,3.25423002243042,0.5518079996109009,0.3416586220264435
270, f,6.790833950042725,3.3773531913757324,0.5864948034286499,0.30221784114837646
271, b,6.220935821533203,3.9416561126708984,0.5430195927619934,0.316819965839386
272, an,3.419023036956787,1.5680906772613525,0.4222680926322937,0.25599148869514465
273,ing,3.1429800987243652,4.5586676597595215,0.3771108388900757,0.40053993463516235
274, of,2.172466278076172,2.48238468170166,0.2844657897949219,0.2911577820777893
275,ar,3.2227044105529785,7.047595024108887,0.381098210811615,0.4221545159816742
276, in,3.532367706298828,1.9274473190307617,0.3886936604976654,0.24722814559936523
277,ou,3.8641984462738037,7.613970756530762,0.4481602907180786,0.5094563364982605
278, d,6.873326778411865,3.3429579734802246,0.5731289386749268,0.32067131996154785
279, m,6.752184867858887,3.814697504043579,0.4376411437988281,0.35603758692741394
280,ion,3.2571702003479004,5.327847003936768,0.3924665153026581,0.5783118605613708
281,ic,2.6187193393707275,6.277163505554199,0.40318113565444946,0.4424392879009247
282, to,2.553895950317383,1.5606105327606201,0.37366220355033875,0.20074471831321716
283,le,3.263488531112671,6.0963335037231445,0.4157443046569824,0.42154014110565186
284,--,5.049439907073975,3.5566530227661133,0.34853577613830566,0.43958768248558044
285,as,3.3110246658325195,5.7670183181762695,0.3704289197921753,0.5459533333778381
286, and,2.40388560295105,1.7482528686523438,0.43925461173057556,0.27295589447021484
287,        ,6.750740051269531,2.7804462909698486,0.5167677998542786,0.41670143604278564
288,ro,5.766143798828125,6.334763526916504,0.4850084185600281,0.514648973941803
289, h,7.495693206787109,3.702702760696411,0.5345895290374756,0.3912893831729889
290, th,6.308455467224121,4.018372535705566,0.47971343994140625,0.3325088620185852
291,ent,3.559141159057617,6.660105228424072,0.38881486654281616,0.46294915676116943
292,ct,4.5717854499816895,7.041958332061768,0.5063897967338562,0.497843861579895
293,et,2.503262519836426,6.9573774337768555,0.39845162630081177,0.45633047819137573
294,el,2.8169727325439453,7.303666591644287,0.4906672537326813,0.43801021575927734
295, re,5.293643951416016,2.8549911975860596,0.4315365254878998,0.30477163195610046
296, n,7.022223472595215,3.0237789154052734,0.5438541769981384,0.2675589323043823
297,st,4.1450324058532715,6.2129364013671875,0.5118061900138855,0.434148907661438
298,om,2.6097335815429688,7.535802841186523,0.42896372079849243,0.4934176802635193
299, l,7.417142868041992,3.1956663131713867,0.44594091176986694,0.27501970529556274
300, e,7.869001865386963,3.1418681144714355,0.40097174048423767,0.28308531641960144
301,il,3.1709489822387695,7.250294208526611,0.29745715856552124,0.48531457781791687
302,id,3.474208354949951,5.859133720397949,0.4225952625274658,0.4253690838813782
303,ot,3.6398701667785645,6.940098762512207,0.46511363983154297,0.4421307146549225
304,im,3.467609167098999,6.223877429962158,0.4108029901981354,0.46818429231643677
305,ig,3.655165433883667,7.735790252685547,0.5058597922325134,0.41236409544944763
306, g,6.641282081604004,3.976728916168213,0.5071595907211304,0.2632704973220825
307,ve,2.8730309009552,6.418029308319092,0.4649278223514557,0.5436647534370422
308,ut,3.4829609394073486,7.898935317993164,0.44252443313598633,0.4401978552341461
309, T,6.792746067047119,3.1053969860076904,0.545222282409668,0.30143940448760986
310, I,6.031865119934082,3.1875967979431152,0.5533183813095093,0.3029729723930359
311, is,2.937354326248169,1.66572904586792,0.3639671504497528,0.21880926191806793
312,ol,3.005690813064575,7.13239860534668,0.41086849570274353,0.5018942356109619
313,am,3.1059021949768066,7.129242420196533,0.36048078536987305,0.4618472754955292
314, (,4.727011680603027,1.60140061378479,0.36204952001571655,0.23960213363170624
315,ly,2.8835296630859375,4.300995826721191,0.5059218406677246,0.4448012113571167
316,----,5.616580963134766,6.689657688140869,0.46219685673713684,0.5155096650123596
317,us,3.4803242683410645,6.519437789916992,0.41529974341392517,0.4378930926322937
318,ac,4.481171607971191,7.360679626464844,0.4165555536746979,0.4847607910633087
319,ation,2.0259900093078613,5.129301071166992,0.3397240936756134,0.48188161849975586
320,ow,3.2694437503814697,8.322343826293945,0.43939685821533203,0.519131600856781
321, be,3.761300563812256,1.9371106624603271,0.41969043016433716,0.32132208347320557
322,ur,2.538243293762207,6.95555305480957,0.4003708064556122,0.5322533845901489
323, S,6.746048927307129,3.343113660812378,0.5543436408042908,0.32666754722595215
324, for,4.2086873054504395,2.143954277038574,0.4283360242843628,0.24551285803318024
325,ad,3.6865434646606445,6.688486099243164,0.49748364090919495,0.5437237620353699
326,ï¿½,4.394908428192139,4.396249771118164,0.5789313316345215,0.3964463472366333
327, that,3.5942399501800537,2.0038626194000244,0.5382682085037231,0.2701578140258789
328, on,4.344748020172119,2.2854013442993164,0.4577270448207855,0.2619520127773285
329,un,3.943240165710449,5.897010326385498,0.39015302062034607,0.5131251215934753
330, A,5.418691635131836,4.081050872802734,0.48200899362564087,0.30899578332901
331, C,6.859254837036133,2.885526180267334,0.49879351258277893,0.3433409333229065
332, st,6.64268159866333,3.369535446166992,0.5181682109832764,0.3271198570728302
333,ver,4.067395210266113,6.744861125946045,0.4598359167575836,0.455578088760376
334,ay,3.571112871170044,7.700095176696777,0.4096423387527466,0.569800853729248
335,ith,3.0438432693481445,8.19839859008789,0.3490414023399353,0.49129921197891235
336,ul,4.527924537658691,6.873886585235596,0.43525823950767517,0.5278651714324951
337,ce,3.5972609519958496,6.338309288024902,0.4024263918399811,0.5212085247039795
338, 1,5.1443352699279785,2.3713839054107666,0.5522303581237793,0.3053308129310608
339,if,3.762469530105591,5.458126068115234,0.4565815031528473,0.551322340965271
340,se,3.3461084365844727,7.258604049682617,0.3969113230705261,0.45693638920783997
341, y,6.447857856750488,3.9937615394592285,0.39213448762893677,0.30824992060661316
342,   ,4.913990497589111,2.7345173358917236,0.5316846966743469,0.37427401542663574
343, with,3.5560715198516846,2.1477761268615723,0.4279031753540039,0.2339538335800171
344,ir,3.0000529289245605,6.48140811920166,0.3962312936782837,0.5893805623054504
345, he,6.721093654632568,2.7480080127716064,0.5333353877067566,0.28200504183769226
346, con,6.509141445159912,3.3779211044311523,0.4501432478427887,0.3161475658416748
347, ',3.861633777618408,2.1196184158325195,0.3282754421234131,0.32047152519226074
348, as,4.440267562866211,1.6514227390289307,0.4609931707382202,0.25199538469314575
349,ch,4.003775596618652,5.956061363220215,0.47463908791542053,0.4682478904724121
350,                ,7.16691780090332,3.8884048461914062,0.57906574010849,0.42138803005218506
351,ter,2.646620512008667,5.917142868041992,0.40995246171951294,0.5312591791152954
352,od,3.1059775352478027,7.75893497467041,0.39754995703697205,0.45171812176704407
353, it,4.963108062744141,2.484780788421631,0.5107323527336121,0.2923074960708618
354, M,6.736830711364746,3.475583076477051,0.5390720963478088,0.2825791835784912
355, pro,7.722988128662109,4.1791839599609375,0.5513074398040771,0.3719984292984009
356, al,7.800516128540039,4.256814956665039,0.5259355306625366,0.3492092192173004
357,ag,4.528253555297852,7.406813621520996,0.5002304911613464,0.3905724883079529
358,ab,3.9308834075927734,7.135273456573486,0.4296647906303406,0.4334486424922943
359,em,4.7090044021606445,6.748703956604004,0.45408475399017334,0.41770139336586
360, we,4.2943949699401855,2.9924709796905518,0.4936363995075226,0.26315808296203613
361,um,2.410828113555908,7.253849983215332,0.3995584547519684,0.598127007484436
362, v,6.8173418045043945,2.9495723247528076,0.5172373056411743,0.35932496190071106
363,ri,4.696190357208252,7.533323764801025,0.47165414690971375,0.5271216034889221
364, wh,5.354147911071777,4.202406883239746,0.5852342247962952,0.35724204778671265
365,pe,4.964663982391357,6.284703254699707,0.5085623264312744,0.5283799767494202
366,ate,3.054522752761841,6.994844436645508,0.3552291691303253,0.534696102142334
367, P,6.680765151977539,3.3942415714263916,0.5279936194419861,0.29288265109062195
368, you,5.244419097900391,3.3007290363311768,0.5207986831665039,0.3820832371711731
369, was,3.0541300773620605,1.433730125427246,0.3692670464515686,0.23903420567512512
370, $,7.479681491851807,4.198562145233154,0.4375607967376709,0.4417022168636322
371,qu,2.731677532196045,6.989265441894531,0.5330086946487427,0.44940105080604553
372, de,5.501382827758789,3.4617905616760254,0.4675345718860626,0.3259918689727783
373,res,2.6082606315612793,4.9046759605407715,0.4126453101634979,0.4346793293952942
374, 2,5.247249126434326,2.962043285369873,0.44862180948257446,0.2571060061454773
375,os,3.444885492324829,5.383761405944824,0.44379812479019165,0.4702392518520355
376,ra,4.072551250457764,7.657333850860596,0.43261733651161194,0.5548474192619324
377,pp,5.2530035972595215,8.782424926757812,0.5311545133590698,0.36825674772262573
378, B,5.820742607116699,3.850329875946045,0.5087858438491821,0.3815488815307617
379,her,2.8246536254882812,8.096046447753906,0.43019717931747437,0.4972192645072937
380, The,3.9748661518096924,3.5640299320220947,0.44618692994117737,0.34741175174713135
381,==,4.984121322631836,4.8576250076293945,0.3480740189552307,0.4016237258911133
382,ist,3.153149127960205,6.270447731018066,0.378883421421051,0.41764798760414124
383,est,3.0695056915283203,5.36155366897583,0.453563392162323,0.5270072817802429
384,ht,3.455808162689209,7.9616169929504395,0.385488897562027,0.6151944398880005
385, ex,6.159250259399414,4.248412609100342,0.4441348910331726,0.3866252303123474
386,ant,3.4948959350585938,6.8928422927856445,0.42755192518234253,0.5136139988899231
387, at,5.366250991821289,1.8186118602752686,0.4295099675655365,0.21291255950927734
388, H,7.599506855010986,4.219337463378906,0.5293808579444885,0.33768269419670105
389, com,7.059874534606934,4.540044784545898,0.4600408673286438,0.3937367796897888
390, or,3.042342185974121,1.893080472946167,0.4470202624797821,0.290792852640152
391, r,6.721059799194336,3.5766139030456543,0.5083459615707397,0.38096293807029724
392,ld,3.996035575866699,7.106754302978516,0.39217495918273926,0.5206629633903503
393, [BACKSLASH],5.735391139984131,3.357264757156372,0.4038814306259155,0.359192430973053
394,th,3.907651424407959,5.104734420776367,0.47896209359169006,0.40180808305740356
395,and,1.3731775283813477,5.826634883880615,0.3694799542427063,0.4449939727783203
396, se,7.2108845710754395,3.6198692321777344,0.4653192460536957,0.3237939476966858
397,--------,6.049326419830322,7.584451675415039,0.44228053092956543,0.6505151391029358
398,ers,2.3177409172058105,4.629416465759277,0.37383154034614563,0.4769229590892792
399, D,5.891229152679443,2.7788896560668945,0.5488840937614441,0.3058222532272339
400,iv,4.115623950958252,7.1064252853393555,0.40883174538612366,0.5632579922676086
401, F,7.309327125549316,3.827650785446167,0.4715813994407654,0.335595041513443
402, su,6.31254243850708,4.298925876617432,0.551994800567627,0.42528560757637024
403, are,3.404073715209961,1.5244437456130981,0.38859623670578003,0.2701951563358307
404,ain,3.259655475616455,6.745320796966553,0.4920891225337982,0.6000813841819763
405,ess,3.323336124420166,7.055047035217285,0.46605679392814636,0.5832062363624573
406,oc,3.8452343940734863,7.708281993865967,0.39822298288345337,0.5608682036399841
407, by,3.876354694366455,2.3751397132873535,0.4670402705669403,0.2711874842643738
408,ill,2.7250568866729736,7.723400115966797,0.4383782148361206,0.593185305595398
409,rom,4.412847518920898,7.254941940307617,0.4751170575618744,0.5282313227653503
410,ore,2.4112629890441895,7.510593414306641,0.4416857063770294,0.6425186991691589
411, W,7.420309066772461,3.4922776222229004,0.5998620986938477,0.30737772583961487
412,op,4.075152397155762,6.768343925476074,0.5145393013954163,0.4941766560077667
413,ke,3.8850812911987305,7.406547546386719,0.45784130692481995,0.4760948717594147
414,ity,2.9256157875061035,5.686485767364502,0.36986562609672546,0.4478152394294739
415,oun,3.9951043128967285,8.129230499267578,0.43536558747291565,0.550238311290741
416, R,7.378739356994629,3.495975971221924,0.43856361508369446,0.34349969029426575
417, not,4.638938903808594,2.081141471862793,0.5226863622665405,0.29310640692710876
418, L,7.497533798217773,3.3827500343322754,0.5251606702804565,0.3380843997001648
419, ha,6.081514358520508,4.064998626708984,0.4422970712184906,0.33871349692344666
420,ment,2.0514042377471924,6.67501163482666,0.34080809354782104,0.4679545760154724
421,ction,2.877018690109253,7.5908660888671875,0.3767881691455841,0.5775074362754822
422,ive,3.144840955734253,6.639067649841309,0.3465990424156189,0.5712146162986755
423,end,4.0656280517578125,6.430231094360352,0.45341095328330994,0.49129363894462585
424,**,4.537385940551758,4.664640426635742,0.46770524978637695,0.40130218863487244
425, ne,7.808073043823242,4.750487327575684,0.42642349004745483,0.3674716055393219
426, =,3.880885601043701,2.4833145141601562,0.32579904794692993,0.2627919018268585
427, N,6.810923099517822,3.9189085960388184,0.4985281229019165,0.3430168926715851
428, -,3.8024003505706787,2.113806962966919,0.32579997181892395,0.29840967059135437
429,ight,3.576045513153076,8.379984855651855,0.48639705777168274,0.4755131006240845
430,ort,3.195223331451416,8.125219345092773,0.4222232401371002,0.5330596566200256
431,pt,4.467547416687012,7.657675743103027,0.49909093976020813,0.5632989406585693
432, from,4.872829437255859,1.9243268966674805,0.49679332971572876,0.21697233617305756
433,red,4.19980001449585,6.408789157867432,0.42657962441444397,0.5598610043525696
434,'s,2.211796760559082,2.293572187423706,0.33947470784187317,0.2976076304912567
435,art,4.636777877807617,6.820435047149658,0.41424664855003357,0.5386618971824646
436, this,4.92955207824707,2.095205545425415,0.4722037613391876,0.2662331163883209
437,ell,2.5670223236083984,7.965000152587891,0.41066646575927734,0.6194844841957092
438,ud,3.2968194484710693,7.701790809631348,0.34189072251319885,0.47494515776634216
439, sh,5.777656078338623,4.205156326293945,0.5710266828536987,0.3569489121437073
440, un,5.909149169921875,2.3296399116516113,0.4836616516113281,0.28434404730796814
441, us,4.5092573165893555,3.010960102081299,0.48929089307785034,0.2980034351348877
442,te,3.9771876335144043,7.211747169494629,0.44729122519493103,0.4893108010292053
443, G,7.8895039558410645,4.007480621337891,0.5556018948554993,0.34719955921173096
444, E,7.998650550842285,4.211618900299072,0.4639454782009125,0.3597795367240906
445,ren,3.68009352684021,5.809362888336182,0.4620688259601593,0.47491222620010376
446,pl,6.1083269119262695,7.397154808044434,0.5460520386695862,0.49585092067718506
447,ies,2.39599609375,7.2870893478393555,0.2802167534828186,0.4476645588874817
448, ch,6.6855058670043945,3.8020660877227783,0.48495349287986755,0.35201719403266907
449,.',5.709397315979004,2.3491249084472656,0.4753633737564087,0.2893695831298828
450,ould,3.969644546508789,6.441478729248047,0.3777552843093872,0.4920317828655243
451,ial,3.6736862659454346,6.002345085144043,0.42532894015312195,0.5883287191390991
452, have,5.012899398803711,1.958835482597351,0.5627657771110535,0.2459453046321869
453,fe,5.875208377838135,6.9851250648498535,0.4639114439487457,0.5294568538665771
454,our,2.749620199203491,7.201474189758301,0.41704174876213074,0.49548962712287903
455,all,2.561589241027832,6.466395854949951,0.5080519318580627,0.4446048438549042
456,ated,3.0224313735961914,5.042514801025391,0.40760332345962524,0.4996710419654846
457,â€™,3.176136016845703,1.9883201122283936,0.4321281313896179,0.21748296916484833
458, le,6.895078659057617,4.00665807723999,0.5480595231056213,0.3339836895465851
459,ure,2.490849494934082,7.45798397064209,0.3789787292480469,0.5387279391288757
460,ine,2.787343978881836,7.5583391189575195,0.37165501713752747,0.4596541225910187
461,ust,2.900404930114746,6.101017475128174,0.39592012763023376,0.5905467867851257
462,og,3.939357280731201,7.41574764251709,0.39640867710113525,0.5244686007499695
463,ge,3.7660489082336426,6.244681358337402,0.45012614130973816,0.44907641410827637
464,{[BACKSLASH],10.845895767211914,5.964286804199219,0.4573236405849457,0.4108843505382538
465, k,6.332248210906982,3.83449125289917,0.5490996837615967,0.36485832929611206
466,ie,3.6512985229492188,6.380168914794922,0.4251033067703247,0.5316346287727356
467,       ,6.129688739776611,3.7774159908294678,0.524482250213623,0.3970835208892822
468,per,3.7549548149108887,7.020895957946777,0.4669765830039978,0.4392537474632263
469,ich,3.7850089073181152,8.278335571289062,0.47931939363479614,0.5212202668190002
470, 0,5.544478416442871,3.1732468605041504,0.5788699388504028,0.3376903533935547
471,ack,2.998133420944214,7.895451545715332,0.35620826482772827,0.5132970213890076
472,ard,2.6920971870422363,8.055679321289062,0.38499245047569275,0.5331732034683228
473, O,6.729221343994141,3.4670286178588867,0.4807712435722351,0.3047572374343872
474,ical,2.584484577178955,5.970689296722412,0.39450255036354065,0.5288654565811157
475, *,4.503395080566406,3.4036784172058105,0.4177745580673218,0.43493542075157166
476, can,3.6265945434570312,1.9291303157806396,0.43474000692367554,0.26802974939346313
477,[NEWLINE]   ,3.6074957847595215,2.136068820953369,0.28654441237449646,0.3694595992565155
478,iz,3.2699341773986816,6.513314247131348,0.39800986647605896,0.5514004826545715
479, me,5.836847305297852,4.025839805603027,0.47038260102272034,0.36498066782951355
480, j,7.314423561096191,3.3707566261291504,0.5197648406028748,0.3395855724811554
481,).,6.454158782958984,0.901863157749176,0.5325775742530823,0.2907602787017822
482,ame,2.999035596847534,7.763276100158691,0.4488121271133423,0.5398116707801819
483,out,3.1741762161254883,5.793832778930664,0.411545991897583,0.39270761609077454
484,up,3.0203909873962402,6.732519149780273,0.43901097774505615,0.4530998766422272
485,ome,2.956094741821289,7.080421447753906,0.466174840927124,0.6476732492446899
486,age,2.1892738342285156,6.040284633636475,0.3584504723548889,0.5288570523262024
487,ib,3.433645248413086,7.6693644523620605,0.4028273820877075,0.49888184666633606
488, whe,8.462812423706055,4.22266960144043,0.5747202634811401,0.3651021718978882
489,ue,2.0896170139312744,8.110966682434082,0.3181423246860504,0.49360328912734985
490, ab,4.7580976486206055,3.1426048278808594,0.477890282869339,0.31017929315567017
491,der,2.8514692783355713,7.285840034484863,0.4264559745788574,0.4947090446949005
492, tr,7.873478889465332,4.374172210693359,0.5594112277030945,0.3407019078731537
493,ost,3.77083683013916,7.079451560974121,0.46732181310653687,0.5890255570411682
494,able,3.3050262928009033,4.909248352050781,0.4397397041320801,0.4898413419723511
495, 3,6.164003372192383,3.6204628944396973,0.5334301590919495,0.32896897196769714
496, In,5.909557819366455,3.612989902496338,0.48795315623283386,0.37919196486473083
497, were,3.54624080657959,1.7404178380966187,0.4177037477493286,0.25536879897117615
498,cl,5.420594692230225,5.657844543457031,0.3785201907157898,0.4791802763938904
499, pl,5.8757123947143555,4.8318681716918945,0.4295176863670349,0.38176122307777405
500, J,7.274205207824707,3.4326963424682617,0.6079450845718384,0.3728332817554474
501, res,6.24466609954834,3.383208990097046,0.45929428935050964,0.30829405784606934
502, cl,7.431568145751953,3.454127311706543,0.6063886284828186,0.3264804184436798
503,ult,3.657228708267212,8.18431282043457,0.40600281953811646,0.4536074697971344
504,ide,3.516056537628174,6.496155738830566,0.3844375014305115,0.6247121691703796
505,ast,3.493910312652588,7.342800140380859,0.436306357383728,0.5119884610176086
506,ath,4.232539653778076,6.342878818511963,0.39531534910202026,0.5644375681877136
507,ans,2.6562347412109375,5.659881591796875,0.3897913694381714,0.5528755187988281
508,ther,4.490347862243652,6.4408111572265625,0.4266090989112854,0.4379851818084717
509, comp,6.9847307205200195,3.7373833656311035,0.4615343511104584,0.35987207293510437
510,The,4.467228889465332,5.4317545890808105,0.3335932195186615,0.3964923918247223
511,ase,2.745589256286621,7.288928985595703,0.3619319200515747,0.561129629611969
512, all,3.7049474716186523,1.59163498878479,0.43952450156211853,0.30108165740966797
513, do,5.873725891113281,2.9524197578430176,0.5381622910499573,0.3307120203971863
514,act,3.41886830329895,6.681618690490723,0.4589492082595825,0.4801062345504761
515,ass,4.0360822677612305,6.840224266052246,0.5293352007865906,0.46171918511390686
516, im,6.788429260253906,3.9286904335021973,0.4597744643688202,0.3517882227897644
517,ound,3.14084529876709,7.2392168045043945,0.4057631194591522,0.566929280757904
518,ak,4.6994452476501465,7.167984962463379,0.49321967363357544,0.464145690202713
519, ad,6.409338474273682,3.584099054336548,0.4826757311820984,0.2798556983470917
520, his,5.545689105987549,2.485368251800537,0.5301856398582458,0.2574135363101959
521,ap,4.086784362792969,7.238969802856445,0.3989139795303345,0.5048229694366455
522, cont,7.0013298988342285,3.6245198249816895,0.5833499431610107,0.3424922525882721
523,====,4.544857978820801,5.354957580566406,0.4397897720336914,0.552943766117096
524,ign,3.3778257369995117,6.054186820983887,0.45422494411468506,0.5714527368545532
525,orm,2.591252326965332,7.122246742248535,0.31801241636276245,0.5521913170814514
526,ind,4.14753532409668,5.89617919921875,0.446599543094635,0.47303223609924316
527,ous,3.237165927886963,5.540168762207031,0.4004111588001251,0.4626177251338959
528,oug,4.025241851806641,6.29521369934082,0.5208842158317566,0.5022746324539185
529, U,7.324863433837891,3.2910406589508057,0.4544648826122284,0.35195329785346985
530,one,4.014656066894531,7.4636759757995605,0.4811396598815918,0.46848589181900024
531,ip,4.33335542678833,7.532711029052734,0.4433804452419281,0.48597705364227295
532, but,4.089238166809082,2.4643478393554688,0.5355810523033142,0.26913630962371826
533, which,5.170664310455322,1.5970170497894287,0.5454196929931641,0.20319178700447083
534,[NEWLINE][NEWLINE],5.822577953338623,3.162748336791992,0.5186886191368103,0.34791576862335205
535,ok,4.550967693328857,6.704679489135742,0.45602136850357056,0.5581803917884827
536,..,5.038926124572754,2.8172178268432617,0.3867413401603699,0.3516596555709839
537,ub,4.60968017578125,7.810909748077393,0.48144158720970154,0.4940102994441986
538,ition,2.6431825160980225,7.746244430541992,0.3135260343551636,0.5826268792152405
539, int,7.309211730957031,3.2749969959259033,0.4571617841720581,0.30338042974472046
540, ï¿½,6.497244834899902,3.2428932189941406,0.6119379997253418,0.45425838232040405
541,                                ,6.257778167724609,3.904906988143921,0.4177951514720917,0.5114979147911072
542,ong,3.281395435333252,7.563718795776367,0.3674256205558777,0.45052507519721985
543, [,5.431485652923584,3.148350238800049,0.4146919846534729,0.2859220504760742
544,ph,4.44576358795166,5.725271224975586,0.5134551525115967,0.5389100313186646
545, en,5.814119338989258,2.891183614730835,0.4643637537956238,0.3306168019771576
546,ice,2.5551276206970215,7.665792942047119,0.3587406277656555,0.5386198163032532
547, wor,5.255895614624023,3.7608304023742676,0.4749964773654938,0.37647077441215515
548, ar,6.556394100189209,4.42789888381958,0.5228374004364014,0.401725172996521
549,cc,3.5851352214813232,6.82046365737915,0.5367501974105835,0.5474035739898682
550, {,6.42742919921875,3.083747386932373,0.45503687858581543,0.2792857587337494
551,ary,3.134746551513672,5.67714786529541,0.42270517349243164,0.5585265755653381
552,ime,3.6392879486083984,6.9644856452941895,0.3773389160633087,0.529891312122345
553,ep,4.909824371337891,6.375630855560303,0.4773012101650238,0.4991285800933838
554,ty,2.883835792541504,7.723129749298096,0.3835487365722656,0.5685760378837585
555, has,5.401857376098633,1.8086965084075928,0.46012747287750244,0.2953279912471771
556, dis,5.1118316650390625,3.6580593585968018,0.48207128047943115,0.3929312229156494
557,)[SEMICOLON],6.9227070808410645,2.5293633937835693,0.49636054039001465,0.24482698738574982
558, +,3.0830633640289307,3.8448753356933594,0.3394825756549835,0.3836616277694702
559,ress,2.4386749267578125,7.345854759216309,0.3324257433414459,0.508185088634491
560,ens,3.9878339767456055,8.028386116027832,0.4119119346141815,0.4855400621891022
561, out,4.219088077545166,3.0042564868927,0.47189846634864807,0.30478015542030334
562,du,4.635649681091309,7.419020652770996,0.5412185788154602,0.49698224663734436
563, go,7.566770553588867,3.611445903778076,0.5601562261581421,0.3630657196044922
564,int,4.548688888549805,6.979829788208008,0.44985151290893555,0.5717847943305969
565,ence,2.73250150680542,5.432148456573486,0.33512863516807556,0.49674949049949646
566,ff,3.916184425354004,8.59948444366455,0.42192912101745605,0.49614572525024414
567,=',4.082461357116699,3.8239221572875977,0.39997607469558716,0.3965255320072174
568,ations,2.437990188598633,5.127045631408691,0.3217768371105194,0.582419216632843
569,ne,3.4522228240966797,7.17478084564209,0.39360615611076355,0.4610345959663391
570,ia,3.322664737701416,7.670154571533203,0.4498535096645355,0.48515868186950684
571, qu,8.738202095031738,3.701725721359253,0.500534176826477,0.34351372718811035
572,----------------,7.294952392578125,5.776772499084473,0.608235239982605,0.46441787481307983
573, had,5.706104278564453,2.5779709815979004,0.5611381530761719,0.256938099861145
574,Â ,2.5508742332458496,7.157411575317383,0.3659382462501526,0.5255770087242126
575,[NEWLINE]        ,4.731363296508789,2.8537769317626953,0.4387539327144623,0.32983526587486267
576, 4,5.872264862060547,3.6894097328186035,0.47764429450035095,0.32388895750045776
577,_{,7.7368927001953125,5.123506546020508,0.5389984250068665,0.4332454800605774
578,ru,4.166577339172363,9.45194149017334,0.4501819610595703,0.5068407654762268
579,av,4.309867858886719,6.231513977050781,0.5300207734107971,0.5309181213378906
580, one,5.018144130706787,2.1740050315856934,0.4784873127937317,0.2772764563560486
581,)[COMMA],5.773809909820557,1.9536538124084473,0.42494985461235046,0.3251112699508667
582,ose,2.6927809715270996,7.817582130432129,0.40635743737220764,0.4933777451515198
583,ace,3.6862571239471436,7.212078094482422,0.3857918381690979,0.6331551671028137
584,con,5.585010528564453,6.367271423339844,0.4925241470336914,0.5074240565299988
585,[NEWLINE] ,4.759576320648193,3.4268436431884766,0.4055614471435547,0.3554551899433136
586,ile,3.2803945541381836,8.350948333740234,0.49144697189331055,0.49764594435691833
587, will,4.188284873962402,1.5205647945404053,0.550137460231781,0.21644559502601624
588,ber,4.394595146179199,7.21150541305542,0.41580507159233093,0.3629486560821533
589,ory,2.8677315711975098,6.849938869476318,0.42314666509628296,0.5716372728347778
590, per,4.47480583190918,3.05910062789917,0.4804074466228485,0.35694316029548645
591,ents,2.443110942840576,6.202300071716309,0.3308217525482178,0.5003625154495239
592,ance,2.6961097717285156,6.260460376739502,0.3886159062385559,0.5289245247840881
593, so,5.303475379943848,2.323639392852783,0.4355464279651642,0.2729416787624359
594,ally,4.0943284034729,6.85306453704834,0.4782056212425232,0.5186360478401184
595, Th,7.460928916931152,4.43009090423584,0.5893914103507996,0.4075893461704254
596, they,5.818432331085205,2.257070779800415,0.5693414807319641,0.2877039313316345
597, up,4.214108467102051,3.4508767127990723,0.4851683974266052,0.3471885323524475
598,}},6.454620838165283,2.6502952575683594,0.40609225630760193,0.3634239137172699
599,ely,2.8082098960876465,5.606525421142578,0.3405154347419739,0.5339537262916565
600,so,4.881951808929443,7.294540882110596,0.4826242923736572,0.4603831470012665
601,ough,2.5084714889526367,7.374174118041992,0.4016460180282593,0.5879356265068054
602,ire,3.000972270965576,6.224648475646973,0.2769296169281006,0.5353590250015259
603, if,4.727834701538086,1.9081213474273682,0.4018716812133789,0.24456308782100677
604,//,4.049679279327393,6.312626838684082,0.37764498591423035,0.4910161793231964
605,ang,4.515841484069824,7.118984699249268,0.48320406675338745,0.45619526505470276
606,ach,3.211885452270508,7.459290981292725,0.48959240317344666,0.504003643989563
607, 5,5.575230598449707,3.5623512268066406,0.5373992323875427,0.3496207892894745
608,are,3.1717491149902344,6.652367115020752,0.4213225245475769,0.4619576930999756
609,ry,3.173253059387207,6.342107772827148,0.3903409540653229,0.5156077742576599
610, K,6.321473121643066,3.7245166301727295,0.4425261616706848,0.31805482506752014
611, ev,6.847900867462158,3.725010395050049,0.5032910108566284,0.36343109607696533
612,ear,2.786592960357666,6.5018415451049805,0.44035738706588745,0.5624220967292786
613,ite,2.47599458694458,7.168855667114258,0.317342609167099,0.4816117584705353
614,de,5.9862446784973145,6.560985088348389,0.5628136992454529,0.4821399748325348
615, their,3.3784844875335693,2.4338464736938477,0.3877905011177063,0.3769652247428894
616, her,4.615546226501465,3.7038025856018066,0.36613091826438904,0.3500829041004181
617, sa,6.728344917297363,4.46897029876709,0.5219038128852844,0.3454337418079376
618, my,4.99061393737793,3.7312967777252197,0.4068481922149658,0.35451269149780273
619,ll,2.5162317752838135,5.367795944213867,0.38394027948379517,0.45165133476257324
620,ions,1.5812463760375977,6.700484275817871,0.2746911942958832,0.5330808758735657
621, app,7.140174865722656,3.9642229080200195,0.5319750308990479,0.3038671910762787
622,[TAB][TAB],8.324642181396484,3.502399444580078,0.48302221298217773,0.37475186586380005
623,rent,3.573345899581909,7.286853790283203,0.3474675416946411,0.5840294361114502
624, more,3.9243202209472656,1.9816503524780273,0.44124266505241394,0.2909482419490814
625,'t,2.634779214859009,2.639260768890381,0.36106571555137634,0.35782018303871155
626, there,6.500657081604004,2.1394450664520264,0.48860177397727966,0.3425765633583069
627,own,2.4265856742858887,7.513075828552246,0.3243599534034729,0.5786120891571045
628, part,6.0002593994140625,4.433312892913818,0.4564865827560425,0.3800491392612457
629,form,4.277305603027344,5.478725433349609,0.47659245133399963,0.5060670375823975
630,port,4.248182773590088,6.379095554351807,0.4056828022003174,0.5188817977905273
631, li,7.932672500610352,4.659139633178711,0.5055740475654602,0.46162503957748413
632,xt,5.3857808113098145,8.049944877624512,0.47019967436790466,0.43566229939460754
633, your,4.431415557861328,2.4990053176879883,0.5192241072654724,0.33402204513549805
634,very,5.773497104644775,7.2237162590026855,0.5728591084480286,0.5318097472190857
635,ord,4.173322677612305,8.000468254089355,0.4210902154445648,0.584768533706665
636, man,6.934600353240967,4.0108513832092285,0.5009628534317017,0.38267782330513
637, pre,6.822802543640137,3.2605152130126953,0.48806682229042053,0.37713009119033813
638, ag,5.818996906280518,3.9399824142456055,0.4819011986255646,0.38497430086135864
639,ake,3.8419079780578613,7.668333053588867,0.3499869406223297,0.47272977232933044
640,ors,2.186429500579834,6.849027633666992,0.3183259665966034,0.45311233401298523
641, no,6.369894027709961,3.3852145671844482,0.49879470467567444,0.3035622239112854
642, other,4.286519527435303,2.398153781890869,0.5063232779502869,0.3240041434764862
643, been,2.919297218322754,1.2852329015731812,0.4248502850532532,0.27544721961021423
644,ook,3.5321807861328125,8.56789493560791,0.37140607833862305,0.5445120930671692
645,ect,3.9898059368133545,8.194276809692383,0.41060879826545715,0.577512800693512
646,ail,3.115926742553711,8.522830963134766,0.36771970987319946,0.5245463848114014
647,[NEWLINE]       ,3.567613363265991,1.7296863794326782,0.37632203102111816,0.2870565354824066
648,ft,3.907686710357666,7.071394920349121,0.4147055149078369,0.45947209000587463
649, gr,6.232161998748779,3.5995819568634033,0.5536308288574219,0.3636755347251892
650, would,4.402003288269043,1.8483182191848755,0.5571263432502747,0.28839805722236633
651,vel,4.085027694702148,7.0281243324279785,0.4185945987701416,0.5703282952308655
652, sp,7.799591541290283,3.9129135608673096,0.5071157217025757,0.3857611119747162
653, <,6.469224452972412,2.9257166385650635,0.45699089765548706,0.3560183048248291
654,ys,3.0982937812805176,7.2173261642456055,0.3619772493839264,0.4823164641857147
655, V,7.5853705406188965,3.8542447090148926,0.5251924395561218,0.3137710392475128
656,ree,3.9328818321228027,7.868821620941162,0.3478845953941345,0.5643868446350098
657, St,7.304970741271973,3.6792354583740234,0.4939049184322357,0.35529932379722595
658, sc,5.9723310470581055,3.8447718620300293,0.5284143686294556,0.2830975353717804
659,ks,2.9223756790161133,6.937997817993164,0.3654140532016754,0.5736555457115173
660,urn,3.1319849491119385,6.848388195037842,0.33624789118766785,0.5916111469268799
661,lic,4.590373992919922,6.481534957885742,0.5039101839065552,0.5562741756439209
662,we,4.758662223815918,7.860961437225342,0.4176754057407379,0.49813202023506165
663, who,4.928999900817871,2.291311740875244,0.5744993686676025,0.30880501866340637
664,aus,3.919022798538208,6.925207614898682,0.4562548100948334,0.5040543079376221
665, any,3.885836124420166,2.0560801029205322,0.4282827079296112,0.30629825592041016
666,â€,3.3484559059143066,2.0753941535949707,0.3677600622177124,0.40235063433647156
667, $[BACKSLASH],8.20842170715332,3.7401132583618164,0.42872878909111023,0.4426807761192322
668, about,3.281574249267578,2.265134811401367,0.3349173665046692,0.35903751850128174
669, also,2.8808114528656006,2.616992950439453,0.3861118257045746,0.2692652940750122
670, when,5.768676280975342,2.114121437072754,0.4871692359447479,0.2862395644187927
671, time,5.603307723999023,3.7043662071228027,0.5230838060379028,0.3726167380809784
672,     ,6.679989814758301,3.175473213195801,0.5077431797981262,0.4482559859752655
673,reat,3.2665092945098877,7.678974151611328,0.32884517312049866,0.5399678349494934
674,low,4.808135032653809,8.270669937133789,0.4747632145881653,0.4452226459980011
675,erv,3.8609585762023926,6.536120414733887,0.5240060687065125,0.5047656297683716
676,eth,4.926524639129639,6.789644718170166,0.42174893617630005,0.54801344871521
677,math,2.952648878097534,7.225441932678223,0.4737637937068939,0.5391589999198914
678,wo,6.483584880828857,6.991259574890137,0.4481383264064789,0.4550090730190277
679,com,3.250150442123413,5.7661662101745605,0.36334821581840515,0.4815059006214142
680,ata,4.152566909790039,7.949224472045898,0.5404740571975708,0.5163017511367798
681,[@,4.679166793823242,5.475683212280273,0.34454116225242615,0.46228355169296265
682,ates,2.2329156398773193,7.163416862487793,0.40102964639663696,0.4805234372615814
683, than,4.344094753265381,1.7438743114471436,0.4448680877685547,0.24301950633525848
684, ',3.716329574584961,2.3070032596588135,0.42133039236068726,0.29977843165397644
685, ro,6.829714775085449,3.5941152572631836,0.47861143946647644,0.3168868124485016
686,In,4.870596885681152,4.990993499755859,0.4329235255718231,0.46927252411842346
687, over,6.458372592926025,2.913245439529419,0.5288141369819641,0.27479615807533264
688, some,4.673519611358643,2.0586776733398438,0.4851604402065277,0.23302198946475983
689, ob,7.31414794921875,4.334038734436035,0.5807813405990601,0.37105730175971985
690,ific,3.6051700115203857,6.837965488433838,0.4290968179702759,0.5952707529067993
691,erm,3.6680078506469727,7.086188316345215,0.35311344265937805,0.5392475128173828
692, kn,6.117510795593262,4.262964725494385,0.5715757012367249,0.2929868698120117
693,ric,3.030742883682251,6.484713077545166,0.3305251896381378,0.4604654312133789
694,[BACKSLASH]],5.603321552276611,5.0570268630981445,0.48270437121391296,0.4722691774368286
695, its,4.329457759857178,2.6981313228607178,0.4313138425350189,0.3151341378688812
696,ays,3.1411736011505127,7.0718793869018555,0.41469454765319824,0.5241248607635498
697,fter,3.0592899322509766,5.386882305145264,0.4059399962425232,0.4346471428871155
698,hat,5.234771728515625,6.988201141357422,0.451797753572464,0.5387752652168274
699, bet,8.052063941955566,4.579737663269043,0.48308268189430237,0.3711952865123749
700,ount,3.9171805381774902,6.656225204467773,0.3431645333766937,0.492413729429245
701, she,6.7226786613464355,3.7393412590026855,0.5012176632881165,0.3307177722454071
702, fe,8.340045928955078,4.2065534591674805,0.6008516550064087,0.35082897543907166
703, spe,7.702341079711914,3.8683829307556152,0.5348901152610779,0.3454856872558594
704,ob,3.966313600540161,7.594602584838867,0.48988252878189087,0.5350898504257202
705,ces,2.4034476280212402,7.079322338104248,0.403464138507843,0.5387870669364929
706, &,1.4978487491607666,3.8761374950408936,0.3283006250858307,0.27740541100502014
707,ref,4.63343620300293,5.279155731201172,0.5167911052703857,0.5191338658332825
708,ove,4.082993030548096,8.106313705444336,0.39481422305107117,0.5564994812011719
709, des,6.221406936645508,3.2918810844421387,0.5273029208183289,0.3355792164802551
710,irst,2.664442539215088,4.918190002441406,0.3583599925041199,0.4626126289367676
711,ple,3.664113998413086,6.686980247497559,0.4316803216934204,0.6400877833366394
712, Y,6.653120994567871,3.996446132659912,0.5184509754180908,0.31803643703460693
713, into,4.495119094848633,2.263552665710449,0.4791143536567688,0.34181949496269226
714, te,6.419436454772949,3.9629790782928467,0.498396098613739,0.41843095421791077
715, am,6.275731563568115,4.391383647918701,0.4443768858909607,0.32631322741508484
716, ass,6.052009582519531,3.467790126800537,0.5232231020927429,0.4281493127346039
717,cre,3.5075693130493164,6.663801670074463,0.4628428518772125,0.4487185776233673
718,ject,3.100929021835327,6.060945987701416,0.47956791520118713,0.43481162190437317
719, 6,7.154926300048828,3.2204744815826416,0.47093552350997925,0.32505688071250916
720, dif,6.980356693267822,3.7642765045166016,0.4399867057800293,0.36812642216682434
721,ings,2.0455832481384277,5.486654758453369,0.408195436000824,0.5084077715873718
722,}$,5.3675127029418945,4.566298484802246,0.39067313075065613,0.4394523799419403
723,rib,3.3714680671691895,5.640994548797607,0.4113622009754181,0.5804676413536072
724, sy,7.826879978179932,4.156734466552734,0.5634810924530029,0.37861865758895874
725,ater,2.4910199642181396,7.348146915435791,0.41168123483657837,0.5202277302742004
726,ied,2.5005667209625244,7.030807971954346,0.3389371633529663,0.5894110202789307
727,ov,3.84285044670105,7.773963928222656,0.4279845356941223,0.4764906167984009
728, gen,6.9987006187438965,4.477137088775635,0.4938950538635254,0.4829464256763458
729, them,4.678799152374268,2.7650861740112305,0.5850580334663391,0.32132184505462646
730,lect,3.8551337718963623,8.908987045288086,0.5227658748626709,0.5644894242286682
731, It,7.0758819580078125,3.7837448120117188,0.5002657175064087,0.4161136746406555
732, inter,6.691960334777832,2.9389305114746094,0.44932809472084045,0.2568604052066803
733,vers,2.885887384414673,8.08346176147461,0.4246971905231476,0.6099207997322083
734,row,3.8027498722076416,7.869022369384766,0.42910975217819214,0.4921235144138336
735,gr,5.636599540710449,5.541767597198486,0.5049611330032349,0.5001254677772522
736,fect,4.678040504455566,5.478706359863281,0.45713740587234497,0.5662418007850647
737,iss,3.9552714824676514,8.828496932983398,0.5122715830802917,0.4865037202835083
738,clud,5.257964134216309,6.485644817352295,0.5295093655586243,0.5400336384773254
739,hed,3.199669361114502,6.317858695983887,0.3318943381309509,0.5546066164970398
740, An,5.328088760375977,3.743853807449341,0.3880420923233032,0.36017829179763794
741,old,3.4792914390563965,6.312813758850098,0.42602625489234924,0.5514618754386902
742, off,5.7077155113220215,3.8599350452423096,0.45819422602653503,0.37114500999450684
743, new,4.572449684143066,2.5187249183654785,0.42586714029312134,0.30166205763816833
744, },5.761873722076416,3.5210413932800293,0.4084373712539673,0.37242361903190613
745, sub,7.006132125854492,3.064119338989258,0.5343947410583496,0.3124880790710449
746,ink,3.6810050010681152,8.893213272094727,0.48290327191352844,0.5121492147445679
747, like,4.1358842849731445,3.1861774921417236,0.4599817097187042,0.3041346073150635
748, what,5.800645351409912,2.6257736682891846,0.41384443640708923,0.30991628766059875
749, said,3.435669183731079,4.370846748352051,0.4002631604671478,0.36963921785354614
750, He,7.405343055725098,5.194833278656006,0.505246639251709,0.36415696144104004
751, get,6.182764053344727,2.9224424362182617,0.4627187252044678,0.32012054324150085
752, acc,6.275028228759766,3.6927547454833984,0.5058914422988892,0.3401210606098175
753,ian,2.7144675254821777,5.802860260009766,0.40208733081817627,0.4834689795970917
754,ced,4.12264347076416,6.5103254318237305,0.5365077257156372,0.5593804121017456
755, pe,8.25402545928955,4.238036155700684,0.48756280541419983,0.3091239929199219
756, only,2.996419906616211,2.061384439468384,0.3742755949497223,0.26210322976112366
757, rec,7.740950107574463,2.722783088684082,0.4920850098133087,0.3190886080265045
758, under,5.148130416870117,3.189878463745117,0.4597354531288147,0.2934457063674927
759,ish,3.195197582244873,5.850305557250977,0.4036431312561035,0.4874817132949829
760, comm,8.711023330688477,4.033036231994629,0.6070541143417358,0.41282936930656433
761,ï¿½,1.9029061794281006,7.707666873931885,0.32470211386680603,0.5001311898231506
762,ause,3.573143482208252,7.633307456970215,0.43948763608932495,0.47714129090309143
763, two,4.746440887451172,2.3785929679870605,0.5720188021659851,0.2897786796092987
764,^{,9.613363265991211,5.128877639770508,0.4697016477584839,0.4743599593639374
765, act,6.312348365783691,4.0774688720703125,0.5168880224227905,0.36229121685028076
766,itt,3.2771337032318115,7.5118207931518555,0.42945724725723267,0.5553724765777588
767, mod,6.256660461425781,3.905761957168579,0.5527403354644775,0.3349106013774872
768, cons,7.507565975189209,4.4443254470825195,0.5611671805381775,0.421371191740036
769, â€œ,3.4693918228149414,2.2726783752441406,0.3282436430454254,0.2511688768863678
770, rel,6.578226089477539,4.371584892272949,0.5049254298210144,0.3996089696884155
771, Ch,7.902135372161865,3.890923500061035,0.4431857764720917,0.3807329535484314
772, our,4.682910442352295,2.9858906269073486,0.4528742730617523,0.3382450044155121
773,ck,3.8520405292510986,8.48025131225586,0.4504239857196808,0.4718889892101288
774, may,4.965119361877441,1.3501906394958496,0.49187588691711426,0.32632094621658325
775, him,5.944823265075684,2.7744803428649902,0.4950888454914093,0.28244835138320923
776,ual,3.6024487018585205,5.137300491333008,0.4722853899002075,0.5056208968162537
777,ick,3.59268856048584,8.545780181884766,0.4105023443698883,0.6513969302177429
778,ark,3.2545228004455566,8.007383346557617,0.4491826295852661,0.579467236995697
779,the,3.7639029026031494,6.519432067871094,0.41801342368125916,0.42285391688346863
780,ious,2.746901512145996,6.208906650543213,0.4275519549846649,0.47513318061828613
781,ma,3.8627772331237793,6.933813095092773,0.47102561593055725,0.49063414335250854
782,ild,5.234428405761719,7.459096908569336,0.5065019130706787,0.48308873176574707
783, bl,7.166059494018555,4.113779067993164,0.5333797335624695,0.3740001320838928
784,get,3.8775205612182617,4.9412689208984375,0.43296971917152405,0.43349286913871765
785, work,5.328197479248047,2.8160717487335205,0.5738101005554199,0.2939799726009369
786,ons,2.9101226329803467,7.679805755615234,0.29910382628440857,0.5358220338821411
787, bec,9.257705688476562,4.695913314819336,0.4631602466106415,0.4382465183734894
788,ular,3.6539902687072754,7.273056983947754,0.42459529638290405,0.508991003036499
789,ps,4.32929801940918,7.385959625244141,0.44625580310821533,0.5170513391494751
790, fun,5.753782272338867,3.6414170265197754,0.4858371615409851,0.33011457324028015
791, _,4.681574821472168,3.7012696266174316,0.36684152483940125,0.36536434292793274
792,ade,2.9270272254943848,8.546062469482422,0.38433006405830383,0.5655198693275452
793,ert,2.642460584640503,6.972084045410156,0.4072147011756897,0.5324599146842957
794,igh,3.7556838989257812,8.205033302307129,0.4356916844844818,0.4655153751373291
795, stud,5.918964862823486,3.85003662109375,0.39448097348213196,0.39246073365211487
796,ative,2.7511098384857178,6.720242500305176,0.3541748821735382,0.5280839800834656
797, ind,5.049678325653076,4.319525718688965,0.4109567403793335,0.3807872533798218
798, em,7.017242431640625,2.963794708251953,0.4807877242565155,0.32476216554641724
799, pos,5.652857780456543,3.74753999710083,0.5154432058334351,0.3501865565776825
800,ring,2.919630289077759,5.524182319641113,0.4177948534488678,0.4494856894016266
801, first,4.324680805206299,2.3968231678009033,0.4723334312438965,0.3329881727695465
802, year,5.237582206726074,4.012559413909912,0.4662307798862457,0.3561268150806427
803,pect,2.796602964401245,6.900944232940674,0.34381580352783203,0.6105390787124634
804, def,6.322474956512451,4.240875244140625,0.44120362401008606,0.3643345832824707
805, reg,7.8884382247924805,3.080416679382324,0.43257272243499756,0.3263818621635437
806, trans,6.342069625854492,3.1975250244140625,0.49521180987358093,0.3082086741924286
807, could,4.589704513549805,2.3089847564697266,0.4559084475040436,0.2526524066925049
808,elf,4.707237243652344,8.630736351013184,0.4366828203201294,0.5521492958068848
809,ug,3.192617893218994,7.365965843200684,0.3631334900856018,0.6522914171218872
810, ph,7.762785911560059,3.9801101684570312,0.5370323657989502,0.3467353880405426
811, just,4.846156120300293,1.6327836513519287,0.5350441932678223,0.22101490199565887
812,##,5.013156414031982,8.030814170837402,0.4899025559425354,0.6298741102218628
813, 7,6.6572980880737305,3.7436282634735107,0.5138369798660278,0.33584925532341003
814, pr,6.974667549133301,3.022228479385376,0.4422713816165924,0.3383350372314453
815, co,7.827704429626465,3.447066307067871,0.4866854250431061,0.323269248008728
816, val,7.74855899810791,3.726553201675415,0.5483883619308472,0.3746461570262909
817,========,5.025808334350586,8.043989181518555,0.43856081366539,0.5722010135650635
818, add,6.108436107635498,4.061553001403809,0.5158180594444275,0.34396907687187195
819, such,3.469294548034668,2.4779393672943115,0.5399532318115234,0.30195000767707825
820,ock,2.9745259284973145,7.214329719543457,0.40364542603492737,0.5640488266944885
821, la,7.4151458740234375,3.3870928287506104,0.5067486763000488,0.31742769479751587
822,iew,3.988860845565796,8.64548397064209,0.4906923770904541,0.5777034759521484
823, inv,5.718958854675293,3.32473087310791,0.5270639061927795,0.29136142134666443
824,cess,3.6028389930725098,6.2476396560668945,0.4046154022216797,0.5861858129501343
825, form,6.241745948791504,3.1600406169891357,0.4640970230102539,0.33162516355514526
826, This,5.873703956604004,2.9454588890075684,0.4737299680709839,0.30181482434272766
827,ef,4.211334228515625,7.5704345703125,0.41065266728401184,0.5748218297958374
828,ased,2.800142288208008,5.943775177001953,0.42796000838279724,0.5150325894355774
829,ont,4.248299598693848,8.213163375854492,0.4249670207500458,0.49908703565597534
830, where,5.0675554275512695,1.6594194173812866,0.498536080121994,0.2315753549337387
831,ood,4.51414155960083,7.628776550292969,0.38495534658432007,0.5702096223831177
832,oth,4.273674011230469,7.466039657592773,0.49685385823249817,0.5444586277008057
833, pres,7.284123420715332,3.163064479827881,0.5124461650848389,0.3310196101665497
834,ating,2.421609878540039,6.6284966468811035,0.356015145778656,0.43913713097572327
835, then,4.191692352294922,2.6910200119018555,0.4779354929924011,0.3268694281578064
836, these,5.301201343536377,2.4891250133514404,0.4376150667667389,0.28969278931617737
837,oint,3.3083152770996094,7.408339023590088,0.38466012477874756,0.5251145958900452
838, det,7.314583778381348,3.8078818321228027,0.4295344650745392,0.3830769658088684
839, We,5.486256122589111,4.597015380859375,0.48314762115478516,0.40319064259529114
840, diffe,6.357126235961914,4.198748588562012,0.5240299105644226,0.4340260922908783
841, after,5.356724739074707,2.2291207313537598,0.43448248505592346,0.23777924478054047
842, col,6.1889967918396,3.7762551307678223,0.5448594689369202,0.4171062409877777
843, how,5.256852149963379,2.3792243003845215,0.49385249614715576,0.3018540143966675
844,ient,3.801927089691162,6.990687847137451,0.4124535620212555,0.7098076343536377
845, ret,7.450922966003418,3.563748836517334,0.5718408226966858,0.3759467303752899
846,stem,4.3793768882751465,6.368626117706299,0.44477853178977966,0.5167921781539917
847,ode,3.3913426399230957,9.212499618530273,0.4089377224445343,0.5048092007637024
848, 8,7.73982048034668,3.9326679706573486,0.5290027260780334,0.3578179180622101
849,ween,3.0985074043273926,8.103322982788086,0.35887420177459717,0.453620046377182
850,pro,5.818541526794434,6.199429988861084,0.4598034620285034,0.4697510302066803
851,ond,3.902470588684082,6.841006278991699,0.4803844690322876,0.6420938968658447
852, did,5.786938667297363,2.77583909034729,0.539241373538971,0.34072548151016235
853,ss,3.3251793384552,6.742629051208496,0.3649478256702423,0.4588363766670227
854,Ã©,2.704071521759033,5.288965225219727,0.4807961583137512,0.48719802498817444
855, sign,6.265538215637207,3.8461079597473145,0.5353312492370605,0.35563546419143677
856,olog,4.294149398803711,6.922985553741455,0.4572044312953949,0.5552327632904053
857, att,8.84802532196045,3.935853958129883,0.47876760363578796,0.3330565094947815
858,hen,2.9347481727600098,8.236093521118164,0.3647313117980957,0.6265084147453308
859,?',5.374213218688965,1.4529955387115479,0.3771628439426422,0.33238133788108826
860, exp,6.657449245452881,3.711754322052002,0.516697108745575,0.3219768702983856
861, rem,7.460249900817871,3.714554786682129,0.5068235397338867,0.3470383584499359
862,les,2.0870840549468994,7.1405110359191895,0.4067613184452057,0.5852696895599365
863, pat,6.895508766174316,2.640227794647217,0.5997644662857056,0.40215182304382324
864,</,6.528810501098633,3.2289319038391113,0.5448895692825317,0.3870953619480133
865, know,6.709044456481934,2.5578482151031494,0.5033001899719238,0.2629104256629944
866, prov,6.712187767028809,5.024852275848389,0.48557838797569275,0.404306024312973
867, set,5.138357162475586,3.477539539337158,0.5328351259231567,0.3096688389778137
868,ility,3.6708638668060303,6.642215728759766,0.3536388576030731,0.5417262315750122
869, between,5.909963130950928,2.7628173828125,0.4978269338607788,0.3347187936306
870,__,2.978090763092041,6.537283897399902,0.4150579273700714,0.5007757544517517
871, pol,8.147420883178711,4.335886001586914,0.5841596722602844,0.3669106066226959
872, need,5.622961521148682,2.909524440765381,0.46774423122406006,0.3420184254646301
873,ople,3.178739547729492,7.6381754875183105,0.4354049563407898,0.6787561178207397
874,](,6.848167896270752,3.1135525703430176,0.3921867311000824,0.30417701601982117
875,type,4.47249174118042,4.312067031860352,0.4668436646461487,0.4195714592933655
876,ict,2.8963918685913086,7.475144386291504,0.3610871136188507,0.7940734624862671
877,ise,2.3383922576904297,5.7968034744262695,0.403484046459198,0.5028712749481201
878,ec,4.2325825691223145,7.250530242919922,0.43522053956985474,0.5826616883277893
879,ffect,5.8474578857421875,6.1919403076171875,0.44147422909736633,0.4974721372127533
880,ident,5.228384971618652,6.980852127075195,0.45014187693595886,0.46899834275245667
881,}[BACKSLASH],6.316144943237305,3.645794630050659,0.5352036952972412,0.5054678916931152
882,ution,3.7582755088806152,6.375307083129883,0.37228405475616455,0.46194547414779663
883, i,8.239620208740234,3.2904956340789795,0.49485909938812256,0.2557573914527893
884, fl,6.071965217590332,3.5422778129577637,0.5080015063285828,0.3858312666416168
885,ta,4.485411167144775,7.215015411376953,0.5167803764343262,0.5196608901023865
886, cell,5.6237006187438965,3.351963996887207,0.5527195930480957,0.3533647954463959
887,ix,3.4613020420074463,7.841463088989258,0.3805709779262543,0.5989693999290466
888, back,6.600558280944824,3.841524600982666,0.5149938464164734,0.37984395027160645
889, use,5.227100372314453,3.175119161605835,0.5014287829399109,0.36516162753105164
890, 9,7.035711765289307,3.511441707611084,0.5926173329353333,0.3262251913547516
891,oy,3.5157055854797363,7.215110778808594,0.41409429907798767,0.5364596247673035
892,io,4.446531295776367,6.371513366699219,0.4305156469345093,0.581161618232727
893,ollow,5.189085006713867,7.363827228546143,0.3563515245914459,0.6258460879325867
894,rit,2.629699230194092,7.563056945800781,0.4564550518989563,0.6351286172866821
895,rough,3.569021701812744,8.864670753479004,0.46059978008270264,0.6031432747840881
896,.[COMMA],2.6374354362487793,3.486682891845703,0.44207674264907837,0.3315546214580536
897, [BACKSLASH][,7.39768648147583,3.376566171646118,0.401492714881897,0.3972587287425995
898, result,7.733613014221191,2.9417476654052734,0.49730879068374634,0.2887493073940277
899,ize,2.1800179481506348,5.75057315826416,0.3426046073436737,0.4504864513874054
900, used,5.346678733825684,2.9551632404327393,0.5457445979118347,0.2984136939048767
901,eg,4.874857425689697,6.992588043212891,0.5048984885215759,0.6521348357200623
902,){,10.356748580932617,3.3984127044677734,0.42868128418922424,0.42660021781921387
903,ex,4.402464389801025,5.191943168640137,0.44856351613998413,0.5325631499290466
904,ange,3.4398083686828613,6.865872859954834,0.3953646123409271,0.5086917281150818
905, ac,7.314589500427246,3.9738428592681885,0.5211001634597778,0.3292413651943207
906, Un,8.01387882232666,5.085698127746582,0.49558624625205994,0.38942238688468933
907, supp,6.486254692077637,4.1599202156066895,0.5371304750442505,0.3263564109802246
908,cept,3.354736089706421,7.855299949645996,0.478665292263031,0.44564303755760193
909,ible,2.733349084854126,6.483084678649902,0.4241371750831604,0.4915999174118042
910,right,4.36014461517334,5.9149274826049805,0.3487595021724701,0.5037524700164795
911, sur,6.536220550537109,4.51080322265625,0.3994101583957672,0.41468286514282227
912,ning,3.1026434898376465,4.828704833984375,0.42271688580513,0.4976193308830261
913, show,5.82081937789917,3.9111289978027344,0.4812619388103485,0.33660468459129333
914,fore,4.599374294281006,6.888322830200195,0.450133740901947,0.4805891513824463
915, see,5.13157844543457,2.921543836593628,0.48546862602233887,0.437567800283432
916, sm,5.80236291885376,4.031053066253662,0.5548034906387329,0.3068690299987793
917,fr,4.473400592803955,7.219170093536377,0.48007577657699585,0.5564433932304382
918,fig,4.828500747680664,7.2255754470825195,0.45628055930137634,0.5495126247406006
919, includ,6.570110321044922,3.82315731048584,0.4556732475757599,0.31732532382011414
920,iel,4.1154632568359375,8.250853538513184,0.4466109573841095,0.6257783770561218
921, ï¿½,2.781191349029541,5.940999507904053,0.376518189907074,0.40859854221343994
922, num,7.950262069702148,2.332277536392212,0.48435139656066895,0.28039664030075073
923,tern,3.53857159614563,8.190878868103027,0.43244585394859314,0.5723676085472107
924,als,1.8545047044754028,7.000419616699219,0.36684858798980713,0.5070348978042603
925,ble,2.652869701385498,7.55983304977417,0.4052627980709076,0.5187193751335144
926,[NEWLINE]           ,3.8048853874206543,2.1551966667175293,0.3934629261493683,0.35049334168434143
927,to,3.832488536834717,7.094219207763672,0.4704638421535492,0.46451336145401
928,[COMMA]',4.271100997924805,2.3667490482330322,0.44094404578208923,0.3287360966205597
929,wn,3.006530523300171,8.301033020019531,0.38733136653900146,0.5285467505455017
930, dist,5.529637336730957,3.264626979827881,0.3932952880859375,0.3601793348789215
931, data,4.65299129486084,3.245600700378418,0.4903686046600342,0.3066602945327759
932,ments,2.447441816329956,4.093259811401367,0.35394397377967834,0.516094446182251
933, should,4.9819560050964355,2.1170058250427246,0.4324113428592682,0.2915148138999939
934, cor,6.725191116333008,3.9749596118927,0.48764467239379883,0.4171192944049835
935, var,7.470843315124512,3.882235527038574,0.48657745122909546,0.3838373124599457
936, spec,6.320923805236816,3.5966672897338867,0.5838091373443604,0.3443850576877594
937,ER,2.9965524673461914,7.3826446533203125,0.36668661236763,0.46965521574020386
938, sim,7.222373962402344,4.1900858879089355,0.5240494012832642,0.40791055560112
939, through,5.613225936889648,2.5920867919921875,0.5338717103004456,0.3318360149860382
940,ourt,3.576404333114624,10.424009323120117,0.40722164511680603,0.5549260973930359
941,cy,3.5117506980895996,6.044203758239746,0.4057930111885071,0.43588486313819885
942, people,4.807308197021484,3.116097927093506,0.3831833302974701,0.2795027494430542
943,its,2.5888848304748535,6.2408366203308105,0.36184775829315186,0.5854977965354919
944, most,4.789150238037109,2.784651517868042,0.6000893115997314,0.3007653057575226
945,ues,2.1239376068115234,6.744308948516846,0.31195107102394104,0.5499857664108276
946, follow,6.240586757659912,2.914734363555908,0.48848170042037964,0.3580445647239685
947,ruct,6.541728973388672,5.646369934082031,0.5485215783119202,0.5919901132583618
948, fact,5.109563827514648,2.9755377769470215,0.5863758325576782,0.37686192989349365
949,ited,3.3125267028808594,6.376064300537109,0.49248266220092773,0.5068620443344116
950,ctions,3.5518972873687744,5.518369197845459,0.39433538913726807,0.604256808757782
951,mer,4.545680046081543,5.893831253051758,0.4524427652359009,0.4887704849243164
952,ull,3.8864822387695312,8.162715911865234,0.4483226537704468,0.5851134657859802
953, ty,6.040849685668945,4.235393047332764,0.49538668990135193,0.3800202012062073
954,.,4.947784900665283,2.247088670730591,0.3884858787059784,0.35604509711265564
955,li,4.36077880859375,7.685833930969238,0.4059460163116455,0.5108013153076172
956, class,4.73060417175293,2.801783561706543,0.45166996121406555,0.305493026971817
957,ined,3.8457629680633545,5.677479267120361,0.487040638923645,0.5729369521141052
958,ins,2.417973518371582,6.3032941818237305,0.37151065468788147,0.5131463408470154
959, again,4.066180229187012,2.3765885829925537,0.475105881690979,0.3113153576850891
960, using,4.90416145324707,2.841871738433838,0.4447029232978821,0.23650458455085754
961, want,6.044467449188232,3.068495273590088,0.42075273394584656,0.31489914655685425
962,ever,3.499814033508301,6.743762969970703,0.44650980830192566,0.55394446849823
963, well,5.048583030700684,2.40334153175354,0.5093649625778198,0.38485294580459595
964,ract,2.7769577503204346,7.11307430267334,0.44253280758857727,0.5407121777534485
965,ublic,6.915989398956299,7.015594005584717,0.531516432762146,0.567392110824585
966,uch,3.1366353034973145,7.6237711906433105,0.3621726632118225,0.5366407036781311
967,other,2.7800745964050293,6.215850830078125,0.5421190857887268,0.5254174470901489
968, inst,6.943748950958252,2.9023821353912354,0.518953263759613,0.3577331006526947
969,      ,5.537622451782227,3.8733015060424805,0.557547390460968,0.3779231309890747
970,ures,2.5250439643859863,6.141964912414551,0.4275686740875244,0.4575478434562683
971,uring,3.2092838287353516,5.734469413757324,0.42082479596138,0.5710616111755371
972,ics,2.1331896781921387,6.8773016929626465,0.3122321367263794,0.5191478133201599
973,ms,3.2778329849243164,6.4136152267456055,0.4082249402999878,0.5143573880195618
974, because,5.170919418334961,2.364175319671631,0.47413817048072815,0.3411899209022522
975, system,4.384237289428711,3.0657382011413574,0.467453271150589,0.31326189637184143
976,'},7.331987380981445,2.9152612686157227,0.5060708522796631,0.3889720141887665
977, right,4.471530914306641,2.342974901199341,0.47184038162231445,0.38214680552482605
978,[NEWLINE][TAB][TAB],5.756749629974365,3.189126968383789,0.4890793561935425,0.40629592537879944
979,inal,2.4178881645202637,5.737826824188232,0.36153095960617065,0.6393994092941284
980, end,6.07540225982666,2.8061771392822266,0.5271640419960022,0.3159281313419342
981,ax,3.4094676971435547,7.46000337600708,0.37892046570777893,0.5210734009742737
982,ateg,2.3673887252807617,5.101266384124756,0.4306924045085907,0.516657829284668
983,pos,5.130574703216553,6.275364875793457,0.39839503169059753,0.5196133255958557
984, ent,5.70767068862915,3.349806308746338,0.5649454593658447,0.3191893398761749
985,'[COMMA],6.706075191497803,1.8875277042388916,0.5144805312156677,0.2934609353542328
986,[NEWLINE][TAB],5.542455196380615,3.057175874710083,0.42043060064315796,0.31924664974212646
987, requ,7.770468235015869,5.70134162902832,0.5440664291381836,0.5132185816764832
988,St,7.23187255859375,6.064085006713867,0.5178335905075073,0.3797765374183655
989,ew,3.1409268379211426,8.702705383300781,0.42491915822029114,0.4817439019680023
990,err,3.520428419113159,5.380427360534668,0.44507545232772827,0.6227087378501892
991,ield,3.7168028354644775,6.844264030456543,0.505635142326355,0.5249776840209961
992, produ,2.2815327644348145,3.8175439834594727,0.39360955357551575,0.404385507106781
993,ement,2.373383045196533,6.332571506500244,0.35597920417785645,0.4885610342025757
994,ox,3.6375699043273926,8.138707160949707,0.4280519187450409,0.5906369686126709
995,ities,2.310276508331299,5.446958541870117,0.3297794759273529,0.44432294368743896
996, gener,4.184860706329346,2.533796787261963,0.5573593974113464,0.3500860631465912
997, look,6.090618133544922,2.377873420715332,0.48916056752204895,0.30224543809890747
998, [@,6.194015026092529,8.118742942810059,0.3927678167819977,0.4857918322086334
999,)$,8.464293479919434,6.191105842590332,0.49403688311576843,0.5658982396125793
1000,oup,3.34143328666687,7.54909610748291,0.34756189584732056,0.5312362313270569
1001,--------------------------------,4.271762847900391,8.103883743286133,0.4554584324359894,0.6123520135879517
1002, even,4.480246543884277,1.5677781105041504,0.5823906660079956,0.25015711784362793
1003,[NEWLINE]               ,4.474133491516113,2.314204692840576,0.4668983817100525,0.29370489716529846
